{
  "0028": [
    {
      "ADXSD": 0.81978256,
      "ADXmax": 0.9889068,
      "ADXmean": -0.73834354,
      "ADXmedian": -0.92637223,
      "ADXmin": -1.8504944,
      "ADYSD": 0.3844689,
      "ADYmax": 7.1049185,
      "ADYmean": 6.4824533,
      "ADYmedian": 6.578217,
      "ADYmin": 5.922234,
      "ADZSD": 1.0814773,
      "ADZmax": 9.767949,
      "ADZmean": 7.549357,
      "ADZmedian": 6.950095,
      "ADZmin": 6.464093,
      "GDXSD": 0,
      "GDXmax": 0.4362194,
      "GDXmean": 0.4362194,
      "GDXmedian": 0.4362194,
      "GDXmin": 0.4362194,
      "GDYSD": 0,
      "GDYmax": -0.017354552,
      "GDYmean": -0.017354552,
      "GDYmedian": -0.017354552,
      "GDYmin": -0.017354552,
      "GDZSD": 0,
      "GDZmax": -0.115974575,
      "GDZmean": -0.115974575,
      "GDZmedian": -0.115974575,
      "GDZmin": -0.115974575,
      "MDXSD": 0,
      "MDXmax": 30.79245,
      "MDXmean": 30.79245,
      "MDXmedian": 30.79245,
      "MDXmin": 30.79245,
      "MDYSD": 0,
      "MDYmax": -22.449469,
      "MDYmean": -22.449469,
      "MDYmedian": -22.449469,
      "MDYmin": -22.449469,
      "MDZSD": 0,
      "MDZmax": -0.5363693,
      "MDZmean": -0.5363693,
      "MDZmedian": -0.5363693,
      "MDZmin": -0.5363693,
      "averageDirectionEnsemble": 1.433826,
      "averageSpeed": 2.4619815,
      "currentPressureMedian": 1,
      "currentSizeMedian": 0.043137256,
      "currentXLast": 453,
      "currentYLast": 1282,
      "directionOfEndToEndLine": 1.5151107,
      "distance": 592.91907,
      "duration": 245,
      "startTime": 1684758916505,
      "startXFirst": 420,
      "startYFirst": 690
    },
    {
      "ADXSD": 0.81978256,
      "ADXmax": 0.9889068,
      "ADXmean": -0.73834354,
      "ADXmedian": -0.92637223,
      "ADXmin": -1.8504944,
      "ADYSD": 0.3844689,
      "ADYmax": 7.1049185,
      "ADYmean": 6.4824533,
      "ADYmedian": 6.578217,
      "ADYmin": 5.922234,
      "ADZSD": 1.0814773,
      "ADZmax": 9.767949,
      "ADZmean": 7.549357,
      "ADZmedian": 6.950095,
      "ADZmin": 6.464093,
      "GDXSD": 0,
      "GDXmax": 0.4362194,
      "GDXmean": 0.4362194,
      "GDXmedian": 0.4362194,
      "GDXmin": 0.4362194,
      "GDYSD": 0,
      "GDYmax": -0.017354552,
      "GDYmean": -0.017354552,
      "GDYmedian": -0.017354552,
      "GDYmin": -0.017354552,
      "GDZSD": 0,
      "GDZmax": -0.115974575,
      "GDZmean": -0.115974575,
      "GDZmedian": -0.115974575,
      "GDZmin": -0.115974575,
      "MDXSD": 0,
      "MDXmax": 30.79245,
      "MDXmean": 30.79245,
      "MDXmedian": 30.79245,
      "MDXmin": 30.79245,
      "MDYSD": 0,
      "MDYmax": -22.449469,
      "MDYmean": -22.449469,
      "MDYmedian": -22.449469,
      "MDYmin": -22.449469,
      "MDZSD": 0,
      "MDZmax": -0.5363693,
      "MDZmean": -0.5363693,
      "MDZmedian": -0.5363693,
      "MDZmin": -0.5363693,
      "averageDirectionEnsemble": 1.433826,
      "averageSpeed": 2.4619815,
      "currentPressureMedian": 1,
      "currentSizeMedian": 0.043137256,
      "currentXLast": 453,
      "currentYLast": 1282,
      "directionOfEndToEndLine": 1.5151107,
      "distance": 592.91907,
      "duration": 245,
      "startTime": 1684758916505,
      "startXFirst": 420,
      "startYFirst": 690
    }
  ],
  "222": [
    {
      "ADXSD": 0.81978256,
      "ADXmax": 0.9889068,
      "ADXmean": -0.73834354,
      "ADXmedian": -0.92637223,
      "ADXmin": -1.8504944,
      "ADYSD": 0.3844689,
      "ADYmax": 7.1049185,
      "ADYmean": 6.4824533,
      "ADYmedian": 6.578217,
      "ADYmin": 5.922234,
      "ADZSD": 1.0814773,
      "ADZmax": 9.767949,
      "ADZmean": 7.549357,
      "ADZmedian": 6.950095,
      "ADZmin": 6.464093,
      "GDXSD": 0,
      "GDXmax": 0.4362194,
      "GDXmean": 0.4362194,
      "GDXmedian": 0.4362194,
      "GDXmin": 0.4362194,
      "GDYSD": 0,
      "GDYmax": -0.017354552,
      "GDYmean": -0.017354552,
      "GDYmedian": -0.017354552,
      "GDYmin": -0.017354552,
      "GDZSD": 0,
      "GDZmax": -0.115974575,
      "GDZmean": -0.115974575,
      "GDZmedian": -0.115974575,
      "GDZmin": -0.115974575,
      "MDXSD": 0,
      "MDXmax": 30.79245,
      "MDXmean": 30.79245,
      "MDXmedian": 30.79245,
      "MDXmin": 30.79245,
      "MDYSD": 0,
      "MDYmax": -22.449469,
      "MDYmean": -22.449469,
      "MDYmedian": -22.449469,
      "MDYmin": -22.449469,
      "MDZSD": 0,
      "MDZmax": -0.5363693,
      "MDZmean": -0.5363693,
      "MDZmedian": -0.5363693,
      "MDZmin": -0.5363693,
      "averageDirectionEnsemble": 1.433826,
      "averageSpeed": 2.4619815,
      "currentPressureMedian": 1,
      "currentSizeMedian": 0.043137256,
      "currentXLast": 453,
      "currentYLast": 1282,
      "directionOfEndToEndLine": 1.5151107,
      "distance": 592.91907,
      "duration": 245,
      "startTime": 1684758916505,
      "startXFirst": 420,
      "startYFirst": 690
    },
    {
      "ADXSD": 0.81978256,
      "ADXmax": 0.9889068,
      "ADXmean": -0.73834354,
      "ADXmedian": -0.92637223,
      "ADXmin": -1.8504944,
      "ADYSD": 0.3844689,
      "ADYmax": 7.1049185,
      "ADYmean": 6.4824533,
      "ADYmedian": 6.578217,
      "ADYmin": 5.922234,
      "ADZSD": 1.0814773,
      "ADZmax": 9.767949,
      "ADZmean": 7.549357,
      "ADZmedian": 6.950095,
      "ADZmin": 6.464093,
      "GDXSD": 0,
      "GDXmax": 0.4362194,
      "GDXmean": 0.4362194,
      "GDXmedian": 0.4362194,
      "GDXmin": 0.4362194,
      "GDYSD": 0,
      "GDYmax": -0.017354552,
      "GDYmean": -0.017354552,
      "GDYmedian": -0.017354552,
      "GDYmin": -0.017354552,
      "GDZSD": 0,
      "GDZmax": -0.115974575,
      "GDZmean": -0.115974575,
      "GDZmedian": -0.115974575,
      "GDZmin": -0.115974575,
      "MDXSD": 0,
      "MDXmax": 30.79245,
      "MDXmean": 30.79245,
      "MDXmedian": 30.79245,
      "MDXmin": 30.79245,
      "MDYSD": 0,
      "MDYmax": -22.449469,
      "MDYmean": -22.449469,
      "MDYmedian": -22.449469,
      "MDYmin": -22.449469,
      "MDZSD": 0,
      "MDZmax": -0.5363693,
      "MDZmean": -0.5363693,
      "MDZmedian": -0.5363693,
      "MDZmin": -0.5363693,
      "averageDirectionEnsemble": 1.433826,
      "averageSpeed": 2.4619815,
      "currentPressureMedian": 1,
      "currentSizeMedian": 0.043137256,
      "currentXLast": 453,
      "currentYLast": 1282,
      "directionOfEndToEndLine": 1.5151107,
      "distance": 592.91907,
      "duration": 245,
      "startTime": 1684758916505,
      "startXFirst": 420,
      "startYFirst": 690
    }
  ]
}